date,game,blue,red,time,win,mvp,pick_blue_1,pick_blue_2,pick_blue_3,pick_blue_4,pick_blue_5,ban_blue_1,ban_blue_2,ban_blue_3,ban_blue_4,ban_blue_5,pick_red_1,pick_red_2,pick_red_3,pick_red_4,pick_red_5,ban_red_1,ban_red_2,ban_red_3,ban_red_4,ban_red_5
1/1/2023,1,BLCK,INC,12.37,BLCK,valentina,benedetta,valentina,kadita,karrie,kaja,fanny,franco,joy,ling,hayabusa,yu_zhong,guinevere,lunox,beatrix,atlas,pharsa,wan_wan,gloo,diggie,estes
1/1/2023,2,MVG,MDH,16.03,MVG,karrie,gloo,fredrinn,yve,karrie,lolita,fanny,joy,valentina,uranus,popol_kupa,lapu_lapu,ling,faramis,claude,chou,kaja,wan_wan,hayabusa,beatrix,brody
1/1/2023,3,INC,FCON,14.28,INC,fredrinn,khaleed,fredrinn,pharsa,wan_wan,estes,fanny,franco,valentina,karrie,lesley,joy,ling,faramis,irithel,lolita,gloo,kaja,grock,lunox,yve
1/1/2023,4,TDK,MVG,11.46,TDK,popol_kupa,lapu_lapu,hayabusa,valentina,popol_kupa,kaja,yve,wan_wan,faramis,grock,estes,uranus,fredrinn,pharsa,karrie,chou,gloo,fanny,joy,beatrix,brody
1/1/2023,5,FCON,BURN,20.21,FCON,harith,fredrinn,fanny,yve,karrie,mathilda,gloo,kaja,valentina,hilda,diggie,lapu_lapu,ling,faramis,harith,grock,gloo,kaja,grock,lunox,yve
1/1/2023,6,ONIC,TDK,16.35,TDK,hilda,masha,ling,yve,karrie,hilda,gloo,valentina,joy,hayabusa,akai,fredrinn,fanny,faramis,beatrix,kadita,wan_wan,kaja,lylia,lolita,chou
1/2/2023,7,RSG,OT,21.56,RSG,yve,fredrinn,martis,yve,claude,lolita,joy,karrie,fanny,yu_zhong,faramis,chou,akai,xavier,beatrix,kadita,gloo,kaja,wan_wan,irithel,brody
1/2/2023,8,TV,S11,14.36,TV,thamuz,thamuz,akai,yve,karrie,lolita,fanny,kaja,wan_wan,claude,pharsa,fredrinn,hayabusa,xavier,beatrix,chou,gloo,valentina,joy,roger,grock
1/2/2023,9,RRQ,OT,22.57,RRQ,terizla,gloo,akai,cecilion,lesley,franco,wan_wan,joy,fredrinn,pharsa,estes,terizla,benedetta,xavier,karrie,kadita,kaja,faramis,valentina,yve,fanny
1/2/2023,10,RRQA,TV,14.52,RRQA,benedetta,benedetta,joy,xavier,claude,lolita,chou,kaja,valentina,leomord,grock,lapu_lapu,fredrinn,faramis,karrie,mathilda,fanny,gloo,wan_wan,yve,pharsa
1/2/2023,11,ECHO,RRQ,18.36,ECHO,yve,benedetta,akai,valentina,claude,kaja,wan_wan,diggie,gloo,lapu_lapu,hayabusa,yu_zhong,fredrinn,yve,karrie,kufra,chou,fanny,joy,lolita,ling
1/2/2023,12,THQ,RRQA,15.11,RRQA,valentina,gloo,dyrroth,kadita,brody,hilda,fredrinn,martis,benedetta,lolita,kaja,terizla,joy,valentina,claude,chou,fanny,wan_wan,karrie,lesley,atlas
1/3/2023,13,MVG,ONIC,12.31,ONIC,franco,gloo,karina,luo_yi,karrie,chou,fanny,joy,pharsa,hilda,xavier,grock,hayabusa,valentina,wan_wan,franco,faramis,yve,kaja,minsitthar,lolita
1/3/2023,14,INC,BURN,18.48,INC,aamon,benedetta,fredrinn,pharsa,wan_wan,estes,fanny,joy,yve,lolita,franco,grock,aamon,faramis,clint,gloo,kaja,valentina,karrie,hayabusa,akai
1/3/2023,15,MDH,ONIC,15.18,ONIC,ling,lapu_lapu,benedetta,valentina,karrie,lolita,fanny,kaja,hayabusa,franco,chou,fredrinn,ling,yve,harith,angela,gloo,wan_wan,joy,karina,masha
1/3/2023,16,BURN,BLCK,15.46,BLCK,claude,joy,akai,xavier,brody,mathilda,benedetta,valentina,faramis,fredrinn,lapu_lapu,yu_zhong,kaja,yve,claude,angela,gloo,karrie,wan_wan,beatrix,irithel
1/3/2023,17,TDK,MDH,13.38,TDK,beatrix,benedetta,hayabusa,valentina,beatrix,franco,wan_wan,fanny,joy,bruno,lesley,terizla,fredrinn,yve,clint,diggie,gloo,karrie,kaja,popol_kupa,grock
1/3/2023,18,FCON,BLCK,16.18,FCON,faramis,uranus,baxia,xavier,karrie,diggie,gloo,wan_wan,valentina,benedetta,esmeralda,lapu_lapu,martis,faramis,lunox,natalia,fanny,joy,yve,ling,harith
1/3/2023,19,FCON,INC,18.21,FCON,atlas,fredrinn,hayabusa,yve,clint,kaja,gloo,wan_wan,joy,lesley,aamon,lapu_lapu,martis,pharsa,claude,atlas,valentina,fanny,karrie,lolita,grock
1/3/2023,20,BLCK,FCON,14.27,FCON,franco,benedetta,aldous,kadita,karrie,mathilda,fanny,faramis,yve,harith,martis,lapu_lapu,granger,valentina,lunox,franco,gloo,wan_wan,joy,pharsa,fredrinn
1/3/2023,21,BLCK,INC,21.11,BLCK,wan_wan,gloo,barats,xavier,wan_wan,lolita,fanny,hayabusa,atlas,aamon,fredrinn,grock,joy,pharsa,beatrix,franco,kaja,valentina,yve,kadita,karrie
1/4/2023,22,RRQA,S11,15.24,S11,irithel,grock,joy,kadita,irithel,chou,fanny,wan_wan,karrie,claude,atlas,martis,fredrinn,lunox,beatrix,kaja,valentina,gloo,yve,benedetta,thamuz
1/4/2023,23,OT,ECHO,11.16,ECHO,yu_zhong,yu_zhong,ling,yve,harith,chou,wan_wan,karrie,gloo,fanny,joy,lapu_lapu,fredrinn,valentina,beatrix,kaja,akai,faramis,franco,claude,hayabusa
1/4/2023,24,S11,THQ,16.36,THQ,chou,gloo,karina,harith,lesley,lolita,fanny,yve,wan_wan,pharsa,martis,yu_zhong,ling,eudora,karrie,chou,valentina,kaja,joy,xavier,mathilda
1/4/2023,25,ECHO,RSG,15.05,ECHO,chou,grock,fanny,valentina,karrie,chou,diggie,kaja,martis,harith,claude,benedetta,fredrinn,pharsa,beatrix,lolita,joy,wan_wan,yve,yu_zhong,akai
1/4/2023,26,TV,THQ,13.37,THQ,hilda,dyrroth,ling,kadita,wan_wan,hilda,fanny,diggie,gloo,chou,franco,grock,akai,yve,irithel,lolita,kaja,martis,joy,claude,karrie
1/4/2023,27,RRQ,RSG,18.01,RRQ,karrie,lapu_lapu,fredrinn,yve,karrie,kufra,kaja,martis,benedetta,lolita,hayabusa,gloo,ling,valentina,beatrix,chou,joy,wan_wan,fanny,atlas,kadita
1/7/2023,28,FCON,ONIC,15.25,ONIC,hayabusa,yu_zhong,hayabusa,lylia,beatrix,kaja,faramis,valentina,joy,atlas,natalia,lapu_lapu,fredrinn,yve,karrie,kufra,gloo,fanny,wan_wan,harith,lunox
1/7/2023,29,FCON,ONIC,18.06,ONIC,karrie,uranus,fanny,kagura,harith,atlas,joy,yve,wan_wan,hayabusa,ling,gloo,martis,kadita,karrie,kaja,faramis,natalia,valentina,lapu_lapu,grock
1/7/2023,30,FCON,ONIC,13.09,ONIC,lylia,grock,hayabusa,lylia,wan_wan,mathilda,faramis,valentina,joy,ling,lunox,gloo,martis,pharsa,irithel,natalia,kaja,fanny,yve,kadita,rafaela
1/7/2023,31,ECHO,THQ,24.06,ECHO,karrie,lapu_lapu,grock,pharsa,karrie,chou,diggie,kaja,gloo,ling,martis,yu_zhong,dyrroth,yve,irithel,hilda,valentina,wan_wan,joy,hayabusa,fanny
1/7/2023,32,ECHO,THQ,12.21,ECHO,karrie,grock,fredrinn,kadita,karrie,kufra,kaja,gloo,yve,harith,claude,yu_zhong,fanny,eudora,moskov,chou,wan_wan,valentina,joy,lapu_lapu,martis
1/7/2023,33,ECHO,THQ,16.05,THQ,joy,lapu_lapu,joy,kadita,claude,hilda,yve,kaja,chou,grock,kufra,yu_zhong,valentina,akai,beatrix,natalia,wan_wan,gloo,karrie,harith,ling
1/7/2023,34,ECHO,THQ,18.20,THQ,ling,yu_zhong,yi_sun_shin,yve,harith,ruby,kaja,gloo,joy,hilda,hayabusa,phoveus,ling,valentina,claude,chou,karrie,wan_wan,grock,martis,kufra
1/7/2023,35,ECHO,THQ,10.56,ECHO,yve,yu_zhong,fredrinn,yve,brody,kaja,joy,gloo,claude,valentina,harith,chou,ling,xavier,beatrix,hilda,wan_wan,grock,karrie,martis,kufra
1/8/2023,36,TDK,RRQ,13.20,RRQ,kadita,popol_kupa,martis,yve,hayabusa,ruby,joy,wan_wan,gloo,claude,lylia,yu_zhong,fanny,kadita,beatrix,hilda,kaja,karrie,valentina,lapu_lapu,kufra
1/8/2023,37,TDK,RRQ,26.42,RRQ,hayabusa,yu_zhong,ling,kadita,claude,chou,fanny,joy,gloo,beatrix,brody,grock,hayabusa,yve,harith,hilda,kaja,wan_wan,karrie,valentina,martis
1/8/2023,38,TDK,RRQ,20.35,RRQ,ling,lapu_lapu,hayabusa,lylia,karrie,grock,joy,fanny,gloo,angela,lolita,yu_zhong,ling,yve,beatrix,kufra,kaja,wan_wan,hilda,valentina,kadita
1/8/2023,39,RRQA,BLCK,13.21,BLCK,estes,benedetta,barats,pharsa,karrie,estes,franco,yve,joy,chou,lolita,yu_zhong,hayabusa,valentina,beatrix,atlas,wan_wan,kadita,gloo,fredrinn,akai
1/8/2023,40,RRQA,BLCK,18.34,BLCK,lylia,gloo,leomord,lylia,claude,lolita,kaja,valentina,benedetta,lapu_lapu,grock,paquito,fredrinn,yve,karrie,diggie,wan_wan,joy,franco,ling,pharsa
1/8/2023,41,RRQA,BLCK,13.32,RRQA,lapu_lapu,benedetta,valentina,faramis,beatrix,estes,joy,franco,yve,ling,pharsa,lapu_lapu,baxia,xavier,claude,chou,wan_wan,gloo,karrie,barats,harith
1/8/2023,42,RRQA,BLCK,14.19,BLCK,xavier,gloo,baxia,xavier,irithel,chou,karrie,kadita,diggie,barats,harith,benedetta,akai,pharsa,beatrix,estes,wan_wan,joy,yve,claude,ling
1/9/2023,43,RSG,S11,17.13,S11,yve,benedetta,granger,yve,brody,grock,valentina,karrie,lolita,claude,lapu_lapu,yu_zhong,martis,lylia,beatrix,chou,joy,wan_wan,gloo,lesley,irithel
1/9/2023,44,RSG,S11,13.19,S11,kufra,lapu_lapu,ling,yve,lesley,ruby,joy,chou,wan_wan,grock,atlas,benedetta,paquito,kadita,claude,kufra,lolita,karrie,gloo,martis,kaja
1/9/2023,45,INC,MDH,12.23,INC,martis,grock,martis,valentina,lesley,estes,fanny,karrie,gloo,kufra,yve,fredrinn,hayabusa,xavier,claude,lolita,joy,wan_wan,kaja,hilda,akai
1/9/2023,46,INC,MDH,11.32,INC,pharsa,benedetta,aamon,faramis,karrie,kufra,grock,hilda,yve,beatrix,martis,gloo,leomord,pharsa,brody,kaja,wan_wan,fanny,joy,lapu_lapu,hayabusa
1/9/2023,47,TV,BURN,15.49,TV,lylia,grock,ling,yve,harith,atlas,martis,kaja,joy,mathilda,valentina,lapu_lapu,fredrinn,lylia,karrie,lolita,fanny,wan_wan,gloo,benedetta,franco
1/9/2023,48,TV,BURN,15.52,TV,karrie,esmeralda,barats,pharsa,karrie,lolita,fanny,kaja,yve,franco,lunox,lapu_lapu,hayabusa,valentina,claude,grock,wan_wan,gloo,joy,martis,fredrinn
1/9/2023,49,MVG,OT,15.54,OT,fanny,lapu_lapu,fanny,valentina,claude,kaja,faramis,luo_yi,wan_wan,yu_zhong,chou,grock,granger,yve,lunox,lolita,gloo,joy,karrie,akai,barats
1/9/2023,50,MVG,OT,21.15,OT,ruby,uranus,fredrinn,pharsa,wan_wan,ruby,fanny,joy,kaja,karina,hayabusa,gloo,ling,faramis,lunox,kufra,karrie,luo_yi,yve,atlas,grock
1/10/2023,51,FCON,S11,15.41,FCON,kaja,fredrinn,fanny,valentina,beatrix,kaja,yve,karrie,joy,kadita,brody,benedetta,martis,lunox,irithel,chou,faramis,wan_wan,gloo,harith,lapu_lapu
1/10/2023,52,FCON,S11,11.28,FCON,kaja,yu_zhong,paquito,selena,karrie,kadita,faramis,gloo,fanny,lapu_lapu,hayabusa,martis,ling,valentina,harith,kaja,wan_wan,joy,yve,chou,kufra
1/10/2023,53,THQ,INC,16.59,THQ,fanny,grock,fanny,valentina,karrie,lolita,kaja,martis,joy,brody,barats,gloo,fredrinn,pharsa,beatrix,estes,wan_wan,yve,yu_zhong,hilda,kadita
1/10/2023,54,THQ,INC,13.17,INC,karrie,benedetta,barats,lunox,karrie,estes,fanny,yve,ling,kadita,eudora,grock,joy,faramis,claude,diggie,wan_wan,gloo,pharsa,martis,valentina
1/10/2023,55,THQ,INC,16.26,INC,benedetta,yu_zhong,hayabusa,kadita,karrie,lolita,martis,barats,grock,fredrinn,guinevere,benedetta,leomord,pharsa,brody,estes,wan_wan,fanny,yve,ling,hilda
1/10/2023,56,TDK,TV,15.28,TV,kufra,lapu_lapu,hayabusa,faramis,karrie,ruby,gloo,yve,lolita,claude,mathilda,joy,fredrinn,valentina,brody,kufra,fanny,wan_wan,kaja,hilda,kadita
1/10/2023,57,TDK,TV,20.15,TV,beatrix,joy,barats,faramis,beatrix,lolita,fanny,kaja,wan_wan,benedetta,yu_zhong,esmeralda,ling,valentina,lunox,hilda,yve,gloo,karrie,fredrinn,akai
1/10/2023,58,RRQA,OT,13.21,RRQA,fredrinn,yu_zhong,fredrinn,yve,wan_wan,kufra,fanny,franco,karrie,hayabusa,ling,lapu_lapu,akai,valentina,claude,kaja,joy,benedetta,gloo,grock,chou
1/10/2023,59,RRQA,OT,22.26,RRQA,brody,lapu_lapu,joy,yve,brody,chou,fanny,franco,kaja,mathilda,beatrix,fredrinn,hayabusa,valentina,lunox,hilda,karrie,gloo,wan_wan,benedetta,claude
1/11/2023,60,FCON,INC,15.58,FCON,ling,gloo,ling,kadita,beatrix,kaja,pharsa,estes,joy,grock,lesley,benedetta,martis,yve,brody,rafaela,wan_wan,karrie,fanny,harith,lunox
1/11/2023,61,FCON,INC,19.21,INC,beatrix,yu_zhong,hayabusa,lylia,beatrix,kaja,pharsa,wan_wan,estes,joy,benedetta,lapu_lapu,fanny,yve,karrie,grock,faramis,valentina,franco,franco,atlas
1/11/2023,62,FCON,INC,21.43,INC,karrie,gloo,ling,yve,beatrix,franco,pharsa,estes,kaja,hayabusa,lylia,grock,leomord,lunox,karrie,atlas,faramis,valentina,wan_wan,harith,martis
1/11/2023,63,FCON,INC,14.09,FCON,gloo,benedetta,leomord,kagura,karrie,estes,pharsa,wan_wan,kaja,lunox,hayabusa,gloo,granger,lylia,harith,lolita,faramis,valentina,kadita,yve,atlas
1/11/2023,64,FCON,INC,16.35,FCON,lapu_lapu,joy,hayabusa,lylia,clint,gloo,pharsa,wan_wan,kaja,estes,beatrix,lapu_lapu,ling,valentina,lunox,chou,faramis,harith,karrie,martis,atlas
1/11/2023,65,RRQ,BLCK,20.37,RRQ,joy,joy,fanny,faramis,claude,hilda,kaja,benedetta,yve,barats,baxia,gloo,fredrinn,pharsa,brody,estes,wan_wan,franco,karrie,kadita,harith
1/11/2023,66,RRQ,BLCK,12.36,BLCK,brody,lapu_lapu,lancelot,valentina,karrie,hilda,kaja,benedetta,yve,barats,aldous,gloo,fredrinn,pharsa,brody,estes,wan_wan,franco,joy,fanny,ling
1/11/2023,67,RRQ,BLCK,22.58,BLCK,fredrinn,grock,fanny,yve,lunox,kufra,benedetta,pharsa,karrie,barats,mathilda,gloo,fredrinn,valentina,claude,lolita,wan_wan,franco,joy,harith,kaja
1/11/2023,68,RRQ,BLCK,16.40,RRQ,ling,benedetta,aldous,pharsa,harith,estes,wan_wan,gloo,karrie,fredrinn,brody,yu_zhong,ling,lunox,beatrix,kaja,franco,joy,yve,fanny,claude
1/11/2023,69,RRQ,BLCK,24.00,BLCK,claude,yu_zhong,ling,kadita,beatrix,kaja,gloo,karrie,yve,fredrinn,lolita,benedetta,barats,pharsa,claude,estes,wan_wan,joy,franco,lunox,harith
1/12/2023,70,TV,RRQA,14.11,TV,karina,joy,martis,pharsa,claude,mathilda,wan_wan,kaja,benedetta,chou,yu_zhong,grock,karina,yve,karrie,kufra,gloo,lolita,barats,fredrinn,thamuz
1/12/2023,71,TV,RRQA,20.05,RRQA,karrie,grock,akai,pharsa,karrie,chou,wan_wan,benedetta,kaja,ling,lapu_lapu,yu_zhong,granger,yve,harith,kufra,gloo,lolita,joy,barats,beatrix
1/12/2023,72,TV,RRQA,13.31,TV,karina,thamuz,karina,yve,claude,lolita,kaja,benedetta,karrie,lesley,ling,lapu_lapu,fredrinn,valentina,beatrix,grock,joy,wan_wan,gloo,barats,esmeralda
1/12/2023,73,TV,RRQA,12.43,TV,claude,yu_zhong,martis,yve,harith,chou,wan_wan,benedetta,kaja,lesley,ling,lapu_lapu,fredrinn,lylia,claude,grock,gloo,joy,karrie,lolita,pharsa
1/12/2023,74,ONIC,ECHO,23.06,ECHO,joy,joy,fredrinn,xavier,melissa,kaja,wan_wan,karrie,yve,beatrix,harith,grock,granger,valentina,lunox,kufra,kadita,gloo,fanny,hayabusa,ling
1/12/2023,75,ONIC,ECHO,20.48,ONIC,hayabusa,yu_zhong,chou,pharsa,karrie,kufra,wan_wan,joy,fredrinn,valentina,faramis,lapu_lapu,hayabusa,yve,moskov,kaja,kadita,fanny,gloo,harith,claude
1/12/2023,76,ONIC,ECHO,11.14,ECHO,chou,dyrroth,fredrinn,faramis,claude,chou,wan_wan,karrie,yve,joy,yu_zhong,gloo,barats,valentina,lesley,kaja,fanny,hayabusa,ling,harith,martis
1/12/2023,77,ONIC,ECHO,21.37,ECHO,beatrix,dyrroth,fredrinn,lylia,beatrix,chou,wan_wan,karrie,yve,harith,lesley,gloo,joy,faramis,claude,mathilda,fanny,hayabusa,ling,aamon,martis
1/13/2023,78,RRQ,FCON,20.22,RRQ,joy,joy,martis,lunox,melissa,grock,faramis,kadita,kaja,claude,harith,gloo,fredrinn,valentina,clint,franco,wan_wan,karrie,yve,beatrix,hayabusa
1/13/2023,79,RRQ,FCON,18.16,RRQ,fredrinn,martis,granger,lylia,harith,kaja,wan_wan,faramis,kadita,valentina,pharsa,gloo,fredrinn,lunox,beatrix,grock,joy,yve,karrie,hayabusa,ling
1/13/2023,80,RRQ,FCON,18.32,FCON,beatrix,joy,fredrinn,lunox,claude,kufra,faramis,kadita,kaja,harith,hayabusa,gloo,martis,valentina,beatrix,franco,wan_wan,karrie,grock,hilda,melissa
1/13/2023,81,RRQ,FCON,18.15,FCON,beatrix,joy,fredrinn,lunox,claude,kufra,faramis,kadita,kaja,harith,hayabusa,gloo,martis,valentina,beatrix,franco,wan_wan,grock,karrie,hilda,melissa
1/13/2023,82,RRQ,FCON,13.40,RRQ,lolita,gloo,fredrinn,pharsa,beatrix,lolita,faramis,kadita,franco,fanny,hayabusa,uranus,granger,valentina,lunox,kaja,wan_wan,grock,karrie,hilda,yve
1/13/2023,83,ONIC,TV,24.33,TV,barats,benedetta,karina,yve,moskov,grock,lolita,fredrinn,joy,mathilda,lylia,gloo,barats,valentina,karrie,kufra,fanny,hayabusa,wan_wan,lesley,kaja
1/13/2023,84,ONIC,TV,21.25,ONIC,moskov,grock,karina,yve,moskov,chou,lolita,fredrinn,joy,mathilda,valentina,gloo,barats,lylia,karrie,kufra,fanny,wan_wan,hayabusa,kaja,lesley
1/13/2023,85,ONIC,TV,16.11,ONIC,beatrix,grock,barats,lylia,karrie,lolita,fanny,hayabusa,wan_wan,kaja,kadita,gloo,ling,faramis,beatrix,chou,joy,fredrinn,yve,karina,valentina
1/13/2023,86,ONIC,TV,17.27,ONIC,grock,gloo,martis,valentina,wan_wan,chou,fanny,hayabusa,ling,karina,benedetta,grock,lunox,faramis,karrie,lolita,joy,fredrinn,yve,kufra,akai
1/13/2023,87,ECHO,BLCK,13.55,ECHO,yve,dyrroth,hilda,fredrinn,harith,yve,benedetta,pharsa,joy,valentina,barats,gloo,xavier,diggie,claude,baxia,wan_wan,karrie,kaja,franco,grock
1/13/2023,88,ECHO,BLCK,17.03,BLCK,beatrix,dyrroth,fredrinn,faramis,claude,estes,benedetta,pharsa,joy,harith,valentina,gloo,kaja,xavier,beatrix,diggie,wan_wan,karrie,yve,hilda,franco
1/13/2023,89,ECHO,BLCK,18.38,ECHO,karrie,joy,fredrinn,faramis,karrie,lolita,benedetta,pharsa,diggie,xavier,valentina,gloo,kaja,lunox,beatrix,estes,wan_wan,yve,chou,franco,valir
1/13/2023,90,ECHO,BLCK,16.06,BLCK,valentina,lapu_lapu,barats,valentina,karrie,lolita,chou,fredrinn,kaja,franco,ruby,yu_zhong,ling,yve,harith,grock,wan_wan,benedetta,pharsa,gloo,joy
1/13/2023,91,ECHO,BLCK,12.33,BLCK,gloo,joy,grock,lylia,karrie,lolita,benedetta,pharsa,diggie,harith,claude,gloo,fredrinn,yve,brody,estes,wan_wan,chou,kaja,valentina,xavier
1/14/2023,92,RRQ,ONIC,19.06,RRQ,beatrix,paquito,fredrinn,yve,beatrix,kaja,faramis,fanny,karrie,yu_zhong,claude,masha,hayabusa,lylia,harith,hilda,wan_wan,joy,gloo,grock,franco
1/14/2023,93,RRQ,ONIC,14.23,RRQ,baxia,grock,fanny,faramis,beatrix,jawhead,wan_wan,fredrinn,kaja,chou,lolita,terizla,baxia,valentina,karrie,hilda,joy,gloo,yve,hayabusa,yu_zhong
1/14/2023,94,RRQ,ONIC,21.43,RRQ,karrie,yu_zhong,akai,yve,melissa,chou,wan_wan,fredrinn,fanny,moskov,karrie,grock,martis,faramis,karrie,kaja,joy,gloo,hilda,hayabusa,ling
1/14/2023,95,ECHO,RRQ,15.58,ECHO,yu_zhong,lapu_lapu,martis,yve,beatrix,grock,chou,fredrinn,karrie,valentina,pharsa,yu_zhong,barats,kadita,harith,kaja,wan_wan,joy,gloo,lolita,franco
1/14/2023,96,ECHO,RRQ,13.54,RRQ,brody,grock,chou,valentina,karrie,hilda,joy,gloo,kaja,beatrix,claude,yu_zhong,karina,yve,brody,diggie,wan_wan,fredrinn,kadita,pharsa,fanny
1/14/2023,97,ECHO,RRQ,16.09,ECHO,lapu_lapu,lapu_lapu,akai,pharsa,karrie,atlas,joy,gloo,kaja,karina,diggie,yu_zhong,hayabusa,yve,beatrix,grock,wan_wan,fredrinn,kadita,chou,barats
1/14/2023,98,ECHO,RRQ,18.35,ECHO,lapu_lapu,gloo,karina,faramis,irithel,franco,kaja,yve,fredrinn,atlas,barats,lapu_lapu,akai,pharsa,claude,chou,wan_wan,joy,karrie,brody,beatrix
1/15/2023,99,BLCK,ECHO,14.41,ECHO,yve,benedetta,pharsa,mathilda,barats,harith,chou,fredrinn,kaja,beatrix,brody,lapu_lapu,lolita,akai,lunox,yve,wan_wan,karrie,gloo,estes,diggie
1/15/2023,100,BLCK,ECHO,14.12,ECHO,gloo,grock,barats,pharsa,brody,franco,chou,kaja,yve,harith,atlas,joy,fredrinn,valentina,beatrix,lolita,wan_wan,karrie,estes,lapu_lapu,claude
1/15/2023,101,BLCK,ECHO,13.53,ECHO,lapu_lapu,lapu_lapu,fredrinn,gusion,brody,kaja,chou,wan_wan,yve,kadita,harith,yu_zhong,baxia,pharsa,karrie,lolita,diggie,estes,gloo,barats,akai
1/15/2023,102,BLCK,ECHO,17.15,ECHO,xavier,benedetta,barats,yve,beatrix,diggie,chou,kaja,pharsa,valentina,harith,gloo,fredrinn,xavier,lunox,hilda,wan_wan,estes,karrie,lapu_lapu,brody
2/17/2023,103,BLCK,ECHO,11.30,ECHO,atlas,lapu_lapu,granger,valentina,moskov,faramis,wan_wan,chou,joy,franco,brody,gloo,fredrinn,pharsa,beatrix,atlas,diggie,estes,kaja,lolita,hanzo
2/17/2023,104,ECHO,BLCK,24.41,ECHO,moskov,joy,barats,yve,brody,valir,diggie,estes,kaja,lolita,claude,gloo,fredrinn,valentina,moskov,faramis,wan_wan,chou,pharsa,kadita,franco
2/17/2023,105,TNC,NXPE,15.07,NXPE,ruby,edith,hayabusa,valentina,harith,mathilda,fredrinn,kaja,faramis,chou,martis,gloo,karina,kadita,karrie,ruby,joy,wan_wan,fanny,claude,atlas
2/17/2023,106,NXPE,TNC,28.37,NXPE,karrie,yu_zhong,fredrinn,kagura,karrie,lolita,fanny,paquito,kaja,brody,hanzo,benedetta,martis,faramis,zilong,kadita,wan_wan,joy,valentina,selena,grock
2/18/2023,107,ECHO,BREN,17.09,ECHO,benedetta,benedetta,fredrinn,kadita,lunox,akai,fanny,gloo,kaja,claude,harith,dyrroth,paquito,pharsa,natan,edith,wan_wan,chou,joy,atlas,brody
2/18/2023,108,BREN,ECHO,17.15,ECHO,harith,gloo,paquito,pharsa,natan,edith,kadita,chou,fredrinn,benedetta,barats,yu_zhong,ling,valentina,harith,kaja,fanny,wan_wan,joy,faramis,hayabusa
2/18/2023,109,OMG,ONIC_PH,15.07,ONIC_PH,brody,gloo,hayabusa,xavier,moskov,ruby,faramis,valentina,joy,hilda,lapu_lapu,terizla,fredrinn,yve,brody,natalia,fanny,wan_wan,kadita,lylia,pharsa
2/18/2023,110,OMG,ONIC_PH,16.10,OMG,karrie,grock,hayabusa,valentina,karrie,jawhead,wan_wan,joy,gloo,natalia,lapu_lapu,fredrinn,martis,pharsa,claude,ruby,fanny,faramis,yve,kaja,brody
2/18/2023,111,OMG,ONIC_PH,16.12,ONIC_PH,kaja,fredrinn,hayabusa,kadita,brody,ruby,faramis,joy,gloo,martis,terizla,grock,karina,valentina,claude,kaja,fanny,wan_wan,yve,melissa,lapu_lapu
2/18/2023,112,BLCK,TNC,18.10,BLCK,brody,lapu_lapu,fredrinn,faramis,brody,estes,kadita,kaja,natalia,chou,franco,benedetta,hanzo,lylia,claude,ruby,wan_wan,joy,valentina,barats,akai
2/18/2023,113,TNC,BLCK,22.50,BLCK,valentina,joy,hayabusa,pharsa,claude,kufra,diggie,estes,kaja,fredrinn,khalid,lapu_lapu,guinevere,valentina,brody,faramis,wan_wan,fanny,franco,hanzo,ling
2/19/2023,114,RSG_PH,ONIC_PH,28.42,RSG_PH,beatrix,gloo,fredrinn,kadita,beatrix,chou,natalia,kaja,faramis,akai,martis,lapu_lapu,grock,valentina,brody,diggie,fanny,wan_wan,joy,hayabusa,melissa
2/19/2023,115,ONIC_PH,RSG_PH,20.08,RSG_PH,melissa,terizla,martis,valentina,beatrix,ruby,fanny,kadita,faramis,benedetta,yu_zhong,thamuz,fredrinn,pharsa,melissa,chou,wan_wan,joy,gloo,natalia,kaja
2/19/2023,116,OMG,BREN,14.35,BREN,kufra,lapu_lapu,fredrinn,valentina,claude,hilda,wan_wan,joy,fanny,natan,karrie,gloo,hayabusa,pharsa,beatrix,kufra,kadita,kaja,yve,ruby,grock
2/19/2023,117,BREN,OMG,13.35,BREN,kufra,fredrinn,fanny,faramis,harith,kufra,kadita,kaja,yve,hayabusa,rubby,grock,martis,valentina,moskov,franco,wan_wan,joy,gloo,beatrix,lolita
2/24/2023,118,OMG,RSG_PH,11.30,OMG,harith,fredrinn,hayabusa,valentina,harith,ruby,kaja,kadita,joy,kufra,hilda,gloo,martis,pharsa,moskov,chou,wan_wan,fanny,faramis,beatrix,brody
2/24/2023,119,RSG_PH,OMG,24.41,OMG,harith,yu_zhong,fredrinn,valentina,karrie,franco,faramis,fanny,kaja,hayabusa,ling,lapu_lapu,lancelot,pharsa,harith,kufra,wan_wan,joy,kadita,melissa,beatrix
2/24/2023,120,NXPE,BREN,15.07,BREN,melissa,benedetta,martis,faramis,karrie,kadita,fanny,kaja,yve,ling,atlas,lapu_lapu,fredrinn,valentina,melissa,diggie,wan_wan,joy,gloo,ruby,beatrix
2/24/2023,121,BREN,NXPE,28.37,BREN,karrie,lapu_lapu,hayabusa,valentina,karrie,ruby,kadita,kaja,gloo,hilda,yve,yu_zhong,fredrinn,kagura,brody,chou,wan_wan,fanny,joy,harith,kufra
2/25/2023,122,RSG_PH,TNC,17.09,RSG_PH,chou,benedetta,fredrinn,valentina,beatrix,franco,kaja,natalia,kadita,gloo,hanzo,lapu_lapu,martis,pharsa,karrie,ruby,wan_wan,joy,faramis,ling,yu_zhong
2/25/2023,123,TNC,RSG_PH,17.15,RSG_PH,melissa,lapu_lapu,fredrinn,faramis,beatrix,grock,kaja,yve,valentina,yu_zhong,esmeralda,edith,barats,pharsa,melissa,chou,wan_wan,joy,kadita,claude,natalia
2/25/2023,124,ECHO,ONIC_PH,15.07,ECHO,julian,yu_zhong,fredrinn,julian,melissa,kadita,diggie,faramis,kaja,claude,natalia,lapu_lapu,akai,valentina,karrie,ruby,wan_wan,chou,joy,atlas,kufra
2/25/2023,125,ECHO,ONIC_PH,16.10,ONIC_PH,pharsa,lapu_lapu,fredrinn,valentina,melissa,kufra,diggie,faramis,kaja,natalia,franco,yu_zhong,karina,pharsa,brody,ruby,wan_wan,chou,joy,kadita,atlas
2/25/2023,126,ECHO,ONIC_PH,16.12,ECHO,fredrinn,lapu_lapu,fredrinn,pharsa,karrie,atlas,diggie,faramis,kaja,lunox,harith,yu_zhong,karina,yve,brody,natalia,wan_wan,chou,joy,mathilda,rafaela
2/25/2023,127,BLCK,OMG,18.10,BLCK,diggie,gloo,fredrinn,valentina,brody,diggie,fanny,kaja,melissa,ling,hayabusa,lapu_lapu,lancelot,pharsa,beatrix,hilda,estes,joy,wan_wan,benedetta,paquito
2/25/2023,128,OMG,BLCK,22.50,BLCK,lolita,joy,hanzo,pharsa,melissa,kufra,estes,diggie,fredrinn,barats,brody,gloo,alice,valentina,moskov,lolita,fanny,wan_wan,kaja,ling,hayabusa
2/26/2023,129,BREN,TNC,28.42,BREN,atlas,hilda,karina,faramis,claude,kufra,kaja,kadita,fredrinn,martis,diggie,gloo,chou,valentina,melissa,gloo,wan_wan,joy,fanny,yu_zhong,hayabusa
2/26/2023,130,TNC,BREN,20.08,BREN,diggie,gloo,fanny,faramis,moskov,diggie,kaja,kadita,edith,harith,yu_zhong,grock,hayabusa,valentina,karrie,franco,grock,hayabusa,valentina,karrie,franco
2/26/2023,131,ONIC_PH,NXPE,14.35,ONIC_PH,brody,yu_zhong,martis,valentina,beatrix,kaja,faramis,natalia,yve,lapu_lapu,gloo,thamuz,fredrinn,pharsa,brody,ruby,wan_wan,joy,kadita,akai,karrie
2/26/2023,132,ONIC_PH,NXPE,13.35,NXPE,valentina,yu_zhong,baxia,valentina,karrie,lolita,faramis,natalia,yve,lapu_lapu,brody,dyrroth,fredrinn,pharsa,claude,ruby,wan_wan,joy,kadita,chou,akai
2/26/2023,133,ONIC_PH,NXPE,11.30,ONIC_PH,fredrinn,benedetta,akai,valentina,melissa,lolita,faramis,natalia,diggie,yve,pharsa,yu_zhong,fredrinn,xavier,karrie,ruby,wan_wan,joy,kadita,claude,gloo
3/3/2023,134,BLCK,ONIC_PH,24.41,ONIC_PH,karrie,joy,akai,faramis,karrie,ruby,diggie,estes,valentina,lolita,mathilda,benedetta,fredrinn,pharsa,melissa,yve,wan_wan,franco,kaja,kadita,natalia
3/3/2023,135,ONIC_PH,BLCK,15.07,BLCK,melissa,yu_zhong,akai,valentina,brody,ruby,diggie,estes,joy,yve,faramis,gloo,fredrinn,pharsa,melissa,lolita,wan_wan,kaja,karrie,natalia,franco
3/3/2023,136,BLCK,ONIC_PH,28.37,BLCK,faramis,joy,fredrinn,pharsa,brody,faramis,franco,kaja,natalia,yu_zhong,gloo,lapu_lapu,martis,valentina,melissa,lolita,diggie,estes,wan_wan,alice,yve
3/3/2023,137,TNC,ECHO,17.09,ECHO,hayabusa,yu_zhong,hayabusa,gloo,claude,kadita,faramis,fanny,kaja,karina,akai,benedetta,martis,pharsa,melissa,diggie,wan_wan,joy,fredrinn,hilda,franco
3/3/2023,138,TNC,ECHO,17.15,ECHO,chou,yu_zhong,fredrinn,pharsa,natan,chou,fanny,faramis,diggie,franco,hanzo,lapu_lapu,martis,valentina,karrie,lolita,wan_wan,joy,kaja,melissa,brody
3/4/2023,139,OMG,NXPE,15.07,NXPE,akai,fredrinn,arlott,yve,beatrix,kadita,kaja,karrie,yu_zhong,martis,lolita,lapu_lapu,akai,pharsa,melissa,diggie,wan_wan,joy,fanny,claude,harith
3/4/2023,140,NXPE,OMG,16.10,NXPE,beatrix,yu_zhong,fredrinn,valentina,beatrix,lolita,wan_wan,joy,kaja,melissa,benedetta,lapu_lapu,lancelot,pharsa,karrie,diggie,fanny,faramis,yve,akai,gloo
3/4/2023,141,ONIC_PH,TNC,16.12,TNC,diggie,lapu_lapu,fredrinn,yve,beatrix,franco,fanny,kadita,faramis,martis,gloo,yu_zhong,chou,pharsa,melissa,diggie,wan_wan,joy,kaja,claude,natalia
3/4/2023,142,ONIC_PH,TNC,18.10,TNC,hanzo,gloo,chou,pharsa,karrie,lolita,fanny,kadita,diggie,kufra,yu_zhong,fredrinn,hanzo,valentina,claude,grock,wan_wan,joy,kaja,karina,martis
3/4/2023,143,BREN,RSG_PH,22.50,BREN,ruby,gloo,hayabusa,faramis,karrie,ruby,kadita,kaja,melissa,edith,lolita,dyrroth,fredrinn,valentina,beatrix,franco,wan_wan,joy,fanny,kufra,gloo
3/4/2023,144,RSG_PH,BREN,28.42,BREN,diggie,fredrinn,arlott,pharsa,claude,kufra,fanny,faramis,gloo,hayabusa,akai,lapu_lapu,kaja,valentina,melissa,diggie,wan_wan,kadita,joy,atlas,edith
3/5/2023,145,ECHO,NXPE,20.08,ECHO,yu_zhong,yu_zhong,fredrinn,julian,claude,chou,diggie,faramis,kaja,harith,karrie,lapu_lapu,akai,pharsa,beatrix,lolita,wan_wan,joy,kadita,valentina,yve
3/5/2023,146,ECHO,NXPE,14.35,ECHO,chou,benedetta,fredrinn,valentina,harith,chou,diggie,faramis,kaja,karina,rubby,yu_zhong,martis,pharsa,melissa,kufra,wan_wan,joy,kadita,lapu_lapu,kufra
3/5/2023,147,RSG_PH,BLCK,13.35,RSG_PH,hayabusa,gloo,hayabusa,joy,melissa,kufra,diggie,faramis,estes,alice,lapu_lapu,benedetta,kaja,valentina,karrie,lolita,wan_wan,kadita,franco,chou,ling
3/5/2023,148,BLCK,RSG_PH,11.30,RSG_PH,lolita,benedetta,kaja,faramis,brody,estes,kadita,franco,melissa,ling,hayabusa,arlott,fredrinn,valentina,claude,lolita,wan_wan,diggie,joy,gloo,barats
3/10/2023,149,BREN,BLCK,24.41,BREN,lolita,arlott,fredrinn,julian,wan_wan,lolita,estes,diggie,akai,faramis,pharsa,joy,alice,valentina,melissa,mathilda,gloo,fanny,yve,kadita,kaja
3/10/2023,150,BREN,BLCK,15.07,BREN,valentina,dyrroth,fredrinn,valentina,wan_wan,ruby,akai,pharsa,diggie,faramis,yve,joy,baxia,xavier,melissa,lolita,fanny,kufra,grock,kaja,gloo
3/10/2023,151,ECHO,OMG,28.37,ECHO,akai,yu_zhong,akai,gusion,karrie,kadita,kaja,faramis,diggie,yve,valentina,gloo,fanny,pharsa,harith,chou,fredrinn,melissa,wan_wan,joy,brody
3/10/2023,152,ECHO,OMG,17.09,OMG,beatrix,lapu_lapu,julian,kadita,melissa,kaja,harith,claude,joy,fanny,wan_wan,gloo,lancelot,valentina,beatrix,chou,yu_zhong,benedetta,hayabusa,fredrinn,faramis
3/10/2023,153,ECHO,OMG,17.15,ECHO,fredrinn,lapu_lapu,fredrinn,pharsa,brody,kaja,melissa,diggie,fanny,hanzo,faramis,yu_zhong,martis,valentina,beatrix,ruby,hariht,chou,claude,wan_wan,joy
3/11/2023,154,RSG_PH,NXPE,15.07,NXPE,claude,benedetta,fredrinn,kadita,harith,chou,melissa,karrie,diggie,ruby,kaja,yu_zhong,akai,valentina,claude,lolita,wan_wan,gloo,joy,beatrix,brody
3/11/2023,155,RSG_PH,NXPE,16.10,RSG_PH,melissa,fredrinn,arlott,pharsa,melissa,ruby,kaja,lapu_lapu,akai,diggie,yu_zhong,benedetta,martis,valentina,claude,chou,franco,kufra,wan_wan,gloo,joy
3/11/2023,156,NXPE,RSG_PH,16.12,RSG_PH,yu_zhong,lapu_lapu,akai,valentina,karrie,franco,arlott,gloo,kadita,melissa,diggie,yu_zhong,martis,pharsa,claude,kaja,joy,kufra,fredrinn,wan_wan,beatrix
3/11/2023,157,OMG,TNC,18.10,OMG,beatrix,gloo,fredrinn,pharsa,beatrix,chou,diggie,faramis,natalia,hayabusa,fanny,arlott,ling,kadita,claude,grock,joy,harith,kaja,wan_wan,lancelot
3/11/2023,158,TNC,OMG,22.50,OMG,moskov,arlott,julian,hilda,melissa,diggie,kaja,gloo,harith,franco,beatrix,lapu_lapu,fredrinn,pharsa,moskov,chou,joy,fanny,faramis,yve,wan_wan
3/11/2023,159,ONIC_PH,BREN,28.42,BREN,valentina,arlott,fredrinn,pharsa,harith,ruby,fanny,gloo,diggie,hayabusa,lolita,lapu_lapu,akai,valentina,karrie,kufra,wan_wan,joy,melissa,faramis,brody
3/11/2023,160,ONIC_PH,BREN,20.08,BREN,atlas,terizla,fredrinn,pharsa,beatrix,ruby,fanny,gloo,diggie,akai,hayabusa,lapu_lapu,martis,valentina,claude,atlas,wan_wan,joy,faramis,arlott,brody
3/12/2023,161,NXPE,BLCK,14.35,BLCK,fredrinn,gloo,akai,valentina,beatrix,chou,diggie,faramis,joy,brody,benedetta,arlott,fredrinn,pharsa,melissa,estes,kaja,kadita,wan_wan,claude,lolita
3/12/2023,162,BLCK,NXPE,13.35,BLCK,estes,arlott,fredrinn,valentina,harith,estes,kaja,kadita,yu_zhong,akai,gloo,lapu_lapu,karina,pharsa,claude,lolita,diggie,wan_wan,joy,brody,melissa
3/12/2023,163,RSG_PH,ECHO,11.30,RSG_PH,lolita,paquito,fredrinn,yve,melissa,lolita,chou,akai,yu_zhong,gloo,lapu_lapu,benedetta,barats,faramis,claude,kaja,wan_wan,joy,valentina,pharsa,arlott
3/12/2023,164,RSG_PH,ECHO,24.41,RSG_PH,lancelot,lapu_lapu,lancelot,valentina,brody,franco,akai,joy,chou,gloo,diggie,masha,kaja,pharsa,melissa,atlas,wan_wan,yu_zhong,fredrinn,lolita,arlott
3/17/2023,165,ECHO,BLCK,15.07,ECHO,yu_zhong,yu_zhong,lancelot,pharsa,claude,valir,diggie,estes,joy,melissa,brody,arlott,alice,valentina,moskov,faramis,chou,fredrinn,wan_wan,akai,kaja
3/17/2023,166,BLCK,ECHO,28.37,BLCK,arlott,arlott,fredrinn,valentina,moskov,diggie,chou,kaja,gloo,claude,kaja,lapu_lapu,dyrroth,pharsa,karrie,hilda,wan_wan,joy,estes,brody,melissa
3/17/2023,167,ECHO,BLCK,17.09,ECHO,ruby,joy,lancelot,pharsa,claude,ruby,diggie,estes,lolita,melissa,faramis,arlott,alice,valentina,brody,kaja,chou,fredrinn,wan_wan,atlas,kufra
3/17/2023,168,NXPE,TNC,17.15,NXPE,melissa,gloo,paquito,pharsa,melissa,kaja,fanny,diggie,faramis,kufra,atlas,benedetta,akai,valentina,claude,lolita,wan_wan,joy,fredrinn,beatrix,karrie
3/17/2023,169,TNC,NXPE,15.07,TNC,moskov,arlott,fredrinn,yve,moskov,faramis,yu_zhong,gloo,akai,kaja,franco,lapu_lapu,paquito,pharsa,melissa,diggie,wan_wan,fanny,joy,natalia,kadita
3/17/2023,170,NXPE,TNC,16.10,NXPE,pharsa,yu_zhong,fredrinn,pharsa,beatrix,chou,fanny,diggie,faramis,melissa,franco,arlott,akai,valentina,karrie,kaja,wan_wan,joy,gloo,kadita,ruby
3/18/2023,171,BREN,ECHO,16.12,BREN,grock,fredrinn,hayabusa,faramis,claude,grock,yu_zhong,akai,gloo,brody,beatrix,lapu_lapu,lancelot,pharsa,melissa,lolita,wan_wan,fanny,joy,arlott,diggie
3/18/2023,172,ECHO,BREN,18.10,ECHO,valentina,lapu_lapu,valentina,pharsa,karrie,chou,fanny,gloo,diggie,hayabusa,lancelot,yu_zhong,akai,faramis,claude,lolita,wan_wan,joy,fredrinn,brody,beatrix
3/18/2023,173,BREN,ECHO,22.50,BREN,julian,arlott,fredrinn,julian,karrie,kaja,yu_zhong,akai,gloo,pharsa,lancelot,joy,barats,valentina,beatrix,chou,wan_wan,fanny,diggie,melissa,kadita
3/18/2023,174,OMG,ONIC_PH,28.42,ONIC_PH,terizla,arlott,fredrinn,yve,moskov,franco,diggie,faramis,joy,karrie,lancelot,terizla,grock,valentina,beatrix,kaja,fanny,wan_wan,claude,harith,gloo
3/18/2023,175,ONIC_PH,OMG,20.08,OMG,faramis,yu_zhong,fredrinn,valentina,lunox,natalia,fanny,diggie,yve,kufra,kadita,arlott,lancelot,faramis,brody,chou,wan_wan,joy,kaja,xavier,terizla
3/18/2023,176,OMG,ONIC_PH,14.35,OMG,grock,arlott,fredrinn,valentina,beatrix,grock,diggie,kaja,joy,natalia,rubby,gloo,martis,yve,claude,chou,fanny,wan_wan,lancelot,harith,moskov
3/18/2023,177,BLCK,TNC,13.35,BLCK,paquito,paquito,baxia,valentina,brody,diggie,fanny,franco,gloo,hanzo,estes,lapu_lapu,benedetta,pharsa,melissa,faramis,joy,wan_wan,fredrinn,yu_zhong,arlott
3/18/2023,178,TNC,BLCK,11.30,BLCK,melissa,yu_zhong,lancelot,pharsa,moskov,hilda,fredrinn,gloo,joy,valentina,faramis,arlott,grock,yve,melissa,diggie,fanny,wan_wan,claude,hanzo,franco
3/19/2023,179,ONIC_PH,RSG_PH,24.41,RSG_PH,karrie,arlott,karina,valentina,brody,ruby,kadita,melissa,lancelot,gloo,yu_zhong,lapu_lapu,martis,pharsa,karrie,kaja,wan_wan,joy,fredrinn,akai,grock
3/19/2023,180,RSG_PH,ONIC_PH,15.07,ONIC_PH,faramis,arlott,karina,valentina,claude,lolita,diggie,akai,yve,gloo,natalia,terizla,lancelot,faramis,melissa,kaja,wan_wan,joy,fredrinn,martis,franco
3/19/2023,181,ONIC_PH,RSG_PH,28.37,ONIC_PH,akai,yu_zhong,akai,valentina,karrie,grock,lancelot,melissa,kadita,martis,barats,benedetta,karina,pharsa,beatrix,kaja,wan_wan,joy,fredrinn,natalia,gloo
3/19/2023,182,BREN,OMG,17.09,OMG,faramis,lapu_lapu,fredrinn,valentina,claude,grock,kadita,pharsa,gloo,karrie,franco,arlott,lancelot,faramis,beatrix,kaja,wan_wan,fanny,joy,lolita,melissa
3/19/2023,183,OMG,BREN,17.15,BREN,hayabusa,fredrinn,fanny,yve,harith,grock,diggie,faramis,joy,akai,kufra,gloo,hayabusa,valentina,beatrix,ruby,wan_wan,kadita,pharsa,melissa,karrie
3/19/2023,184,BREN,OMG,15.07,BREN,beatrix,arlott,ling,kagura,beatrix,gloo,kadita,pharsa,faramis,karrie,yu_zhong,lapu_lapu,lancelot,valentina,claude,chou,wan_wan,joy,fanny,julian,hayabusa
3/24/2023,185,RSG_PH,OMG,16.10,OMG,beatrix,esmeralda,fredrinn,valentina,karrie,franco,fanny,kadita,gloo,chou,lapu_lapu,edith,lancelot,pharsa,beatrix,kufra,joy,wan_wan,arlott,claude,yu_zhong
3/24/2023,186,OMG,RSG_PH,16.12,RSG_PH,kadita,edith,fredrinn,yve,beatrix,chou,joy,melissa,arlott,gloo,grock,yu_zhong,lancelot,kadita,claude,kaja,wan_wan,fanny,pharsa,hayabusa,akai
3/24/2023,187,RSG_PH,OMG,18.10,OMG,arlott,thamuz,lancelot,yve,claude,chou,fanny,pharsa,kadita,akai,hayabusa,arlott,fredrinn,valentina,harith,kaja,wan_wan,joy,melissa,beatrix,karrie
3/24/2023,188,BREN,NXPE,22.50,NXPE,yve,benedetta,fredrinn,valentina,melissa,diggie,yu_zhong,gloo,pharsa,paquito,kadita,lapu_lapu,karina,yve,beatrix,franco,fanny,joy,wan_wan,hayabusa,arlott
3/24/2023,189,BREN,NXPE,28.42,BREN,beatrix,gloo,helcurt,valentina,beatrix,lolita,yu_zhong,kaja,yve,hilda,kufra,benedetta,akai,pharsa,claude,chou,fanny,joy,wan_wan,hayabusa,diggie
3/24/2023,190,BREN,NXPE,20.08,BREN,kufra,gloo,ling,pharsa,melissa,kufra,yu_zhong,yve,kaja,franco,kadita,benedetta,hayabusa,valentina,beatrix,grock,fanny,joy,wan_wan,diggie,hilda
3/25/2023,191,TNC,RSG_PH,14.35,RSG_PH,kadita,gloo,benedetta,pharsa,beatrix,franco,kaja,arlott,yu_zhong,chou,rubby,paquito,lancelot,kadita,melissa,kufra,wan_wan,fanny,joy,claude,hayabusa
3/25/2023,192,RSG_PH,TNC,13.35,TNC,kufra,arlott,fredrinn,valentina,beatrix,chou,diggie,fanny,akai,melissa,karrie,gloo,lancelot,pharsa,lesley,kufra,wan_wan,joy,kaja,kadita,franco
3/25/2023,193,TNC,RSG_PH,11.30,RSG_PH,karrie,grock,lancelot,valentina,claude,kufra,kaja,arlott,yu_zhong,franco,fredrinn,gloo,martis,pharsa,karrie,lolita,fanny,wan_wan,joy,kadita,lapu_lapu
3/25/2023,194,ECHO,ONIC_PH,24.41,ECHO,arlott,arlott,fredrinn,pharsa,lesley,franco,diggie,kaja,natalia,karrie,brody,yu_zhong,grock,valentina,claude,lolita,wan_wan,joy,chou,atlas,ruby
3/25/2023,195,ONIC_PH,ECHO,15.07,ECHO,pharsa,thamuz,grock,valentina,beatrix,kaja,chou,lancelot,yu_zhong,barats,atlas,arlott,martis,pharsa,claude,kufra,wan_wan,joy,fredrinn,natalia,karrie
3/25/2023,196,OMG,BLCK,28.37,BLCK,benedetta,arlott,lancelot,yve,harith,chou,diggie,estes,joy,lolita,mathilda,benedetta,fredrinn,valentina,claude,floryn,fanny,wan_wan,gloo,kaja,beatrix
3/25/2023,197,BLCK,OMG,17.09,BLCK,karrie,lapu_lapu,fredrinn,yve,karrie,estes,fanny,beatrix,lancelot,kaja,franco,arlott,akai,valentina,claude,lolita,diggie,wan_wan,joy,brody,lesley
3/26/2023,198,TNC,BREN,17.15,TNC,kufra,terizla,lancelot,pharsa,wan_wan,kufra,kaja,arlott,valentina,lolita,melissa,yu_zhong,hayabusa,yve,beatrix,grock,gloo,fanny,joy,hilda,lapu_lapu
3/26/2023,199,BREN,TNC,15.07,BREN,arlott,arlott,helcurt,phoveus,melissa,lolita,kaja,pharsa,lancelot,edith,martis,thamuz,joy,kagura,wan_wan,kufra,gloo,fanny,valentina,lunox,julian
3/26/2023,200,TNC,BREN,16.10,TNC,franco,terizla,fanny,lylia,beatrix,franco,kaja,arlott,valentina,helcurt,martis,grock,paquito,joy,brody,kufra,gloo,wan_wan,lancelot,pharsa,kadita
3/26/2023,201,NXPE,ONIC_PH,16.12,ONIC_PH,claude,fredrinn,hayabusa,kadita,beatrix,chou,kaja,diggie,natalia,grock,rubby,yu_zhong,martis,pharsa,claude,lolita,joy,wan_wan,valentina,arlott,gloo
3/26/2023,202,ONIC_PH,NXPE,18.10,ONIC_PH,arlott,arlott,grock,valentina,claude,ruby,yu_zhong,kaja,melissa,franco,diggie,gloo,karina,pharsa,beatrix,lolita,wan_wan,joy,fredrinn,terizla,natalia
3/31/2023,203,ONIC_PH,BLCK,22.50,ONIC_PH,valentina,arlott,martis,valentina,beatrix,grock,diggie,estes,alice,faramis,mathilda,joy,baxia,yve,claude,lolita,wan_wan,kaja,fredrinn,franco,ruby
3/31/2023,204,BLCK,ONIC_PH,28.42,BLCK,joy,joy,fredrinn,yve,moskov,floryn,kaja,claude,valentina,franco,rubby,arlott,grock,pharsa,karrie,lolita,diggie,estes,wan_wan,brody,beatrix
3/31/2023,205,ONIC_PH,BLCK,20.08,BLCK,karrie,yu_zhong,grock,valentina,brody,chou,diggie,estes,joy,yve,floryn,arlott,fredrinn,pharsa,karrie,lolita,wan_wan,kaja,claude,ruby,franco
3/31/2023,206,ECHO,TNC,14.35,TNC,franco,arlott,fredrinn,yve,harith,chou,diggie,fanny,faramis,karrie,claude,gloo,lancelot,pharsa,beatrix,franco,joy,wan_wan,kaja,valentina,kadita
3/31/2023,207,TNC,ECHO,13.35,TNC,lancelot,gloo,lancelot,kagura,beatrix,kufra,kaja,yu_zhong,arlott,atlas,melissa,lapu_lapu,alice,pharsa,claude,chou,wan_wan,fanny,joy,franco,kadita
4/1/2023,208,OMG,NXPE,11.30,NXPE,faramis,joy,lancelot,pharsa,beatrix,kaja,melissa,yve,valentina,hayabusa,karina,arlott,fredrinn,faramis,karrie,franco,wan_wan,joy,gloo,kufra,atlas
4/1/2023,209,NXPE,OMG,24.41,OMG,alice,benedetta,fredrinn,yve,beatrix,ruby,fanny,kadita,valentina,gloo,lancelot,lapu_lapu,alice,faramis,claude,kaja,joy,arlott,wan_wan,yu_zhong,franco
4/1/2023,210,OMG,NXPE,15.07,OMG,karrie,masha,fredrinn,faramis,karrie,chou,melissa,joy,yve,lancelot,akai,arlott,kaja,lylia,beatrix,diggie,fanny,wan_wan,valentina,kufra,gloo
4/1/2023,211,ONIC_PH,TNC,28.37,ONIC_PH,arlott,arlott,fredrinn,faramis,claude,lolita,fanny,lancelot,gloo,franco,diggie,yu_zhong,grock,pharsa,beatrix,kufra,joy,wan_wan,kaja,natalia,valentina
4/1/2023,212,TNC,ONIC_PH,17.09,ONIC_PH,claude,gloo,benedetta,pharsa,lesley,franco,faramis,kaja,joy,ruby,natalia,arlott,fredrinn,yve,claude,lolita,fanny,lancelot,wan_wan,beatrix,karrie
4/1/2023,213,RSG_PH,BREN,17.15,BREN,valentina,lapu_lapu,fredrinn,julian,beatrix,franco,gloo,faramis,fanny,akai,diggie,arlott,helcurt,valentina,melissa,atlas,lancelot,wan_wan,kaja,pharsa,yve
4/1/2023,214,RSG_PH,BREN,15.07,BREN,helcurt,joy,fredrinn,pharsa,brody,franco,gloo,faramis,fanny,atlas,melissa,arlott,helcurt,valentina,natan,lolita,lancelot,wan_wan,kaja,kadita,kufra
4/2/2023,215,NXPE,ECHO,16.10,ECHO,valentina,arlott,baxia,faramis,brody,franco,chou,kadita,yu_zhong,atlas,benedetta,lapu_lapu,akai,valentina,claude,kaja,wan_wan,fredrinn,pharsa,beatrix,karrie
4/2/2023,216,ECHO,NXPE,16.12,NXPE,claude,lapu_lapu,joy,valentina,beatrix,kaja,diggie,gloo,fredrinn,franco,brody,lapu_lapu,karina,yve,claude,ruby,chou,wan_wan,yu_zhong,karrie,kufra
4/2/2023,217,ECHO,NXPE,18.10,ECHO,akai,grock,akai,valentina,karrie,kaja,diggie,gloo,fredrinn,franco,kufra,arlott,karina,yve,claude,ruby,wan_wan,chou,yu_zhong,lapu_lapu,benedetta
4/2/2023,218,BLCK,RSG_PH,22.50,BLCK,estes,gloo,fredrinn,valentina,brody,estes,kaja,franco,lancelot,ling,melissa,arlott,martis,kadita,karrie,lolita,diggie,wan_wan,joy,faramis,claude
4/2/2023,219,BLCK,RSG_PH,28.42,BLCK,estes,arlott,baxia,yve,brody,estes,kaja,franco,gloo,ling,lancelot,yu_zhong,fredrinn,valentina,claude,grock,diggie,wan_wan,joy,karrie,melissa
4/14/2023,220,BLCK,BREN,20.08,BREN,fanny,lapu_lapu,barats,pharsa,beatrix,estes,gloo,kaja,valentina,melissa,baxia,fredrinn,fanny,yve,brody,lolita,joy,wan_wan,arlott,akai,karrie
4/14/2023,221,BREN,BLCK,14.35,BREN,wan_wan,terizla,baxia,faramis,wan_wan,kaja,arlott,yve,joy,valentina,benedetta,lapu_lapu,fredrinn,xavier,karrie,estes,gloo,fanny,lancelot,helcurt,hayabusa
4/14/2023,222,OMG,ECHO,13.35,ECHO,grock,benedetta,fredrinn,faramis,melissa,franco,yu_zhong,gloo,akai,lancelot,atlas,lapu_lapu,valentina,yve,claude,grock,wan_wan,arlott,kaja,joy,fanny
4/14/2023,223,ECHO,OMG,11.30,ECHO,karrie,arlott,lancelot,kagura,karrie,kaja,faramis,yve,beatrix,akai,melissa,gloo,helcurt,kadita,lesley,minsitthar,yu_zhong,valentina,wan_wan,pharsa,lylia
4/15/2023,224,RSG_PH,NXPE,24.41,RSG_PH,lancelot,arlott,lancelot,kadita,beatrix,lolita,diggie,faramis,akai,claude,gloo,benedetta,fredrinn,kagura,melissa,kaja,wan_wan,fanny,joy,kufra,atlas
4/15/2023,225,RSG_PH,NXPE,15.07,RSG_PH,joy,gloo,joy,valentina,brody,franco,diggie,faramis,fredrinn,akai,karrie,arlott,baxia,pharsa,claude,kaja,wan_wan,fanny,kadita,kufra,beatrix
4/15/2023,226,TNC,OMG,28.37,OMG,kagura,fredrinn,lancelot,pharsa,brody,franco,faramis,kaja,gloo,helcurt,yve,arlott,akai,kagura,beatrix,chou,diggie,fanny,wan_wan,lesley,valentina
4/15/2023,227,OMG,TNC,17.09,OMG,karrie,arlott,akai,valentina,karrie,grock,diggie,franco,fanny,masha,lapu_lapu,yu_zhong,joy,yve,beatrix,chou,wan_wan,gloo,kaja,claude,minsitthar
4/15/2023,228,ONIC_PH,BREN,17.15,ONIC_PH,kufra,grock,paquito,valentina,claude,kufra,fanny,gloo,diggie,melissa,karrie,arlott,fredrinn,pharsa,lesley,lolita,wan_wan,joy,kaja,terizla,yu_zhong
4/15/2023,229,ONIC_PH,BREN,15.07,ONIC_PH,minsitthar,minsitthar,paquito,valentina,claude,kufra,fanny,gloo,diggie,helcurt,faramis,arlott,fredrinn,yve,brody,kaja,wan_wan,joy,grock,terizla,yu_zhong
4/16/2023,230,BLCK,NXPE,16.10,BLCK,valentina,gloo,fredrinn,valentina,karrie,diggie,kaja,franco,claude,natalia,ling,arlott,fanny,pharsa,melissa,rafaela,wan_wan,estes,joy,brody,beatrix
4/16/2023,231,NXPE,BLCK,16.12,NXPE,joy,arlott,joy,selena,beatrix,chou,estes,diggie,faramis,akai,karrie,benedetta,barats,valentina,brody,lolita,kaja,franco,wan_wan,natalia,yve
4/16/2023,232,BLCK,NXPE,18.10,NXPE,lesley,gloo,fredrinn,xavier,wan_wan,faramis,kaja,franco,selena,melissa,beatrix,arlott,hayabusa,valentina,lesley,lolita,estes,diggie,joy,yve,pharsa
4/16/2023,233,ECHO,RSG_PH,22.50,ECHO,valentina,yu_zhong,lancelot,valentina,brody,kaja,faramis,fanny,kadita,pharsa,yve,arlott,joy,kagura,beatrix,kufra,wan_wan,fredrinn,gloo,minsitthar,karrie
4/16/2023,234,ECHO,RSG_PH,28.42,RSG_PH,karrie,gloo,fredrinn,valentina,beatrix,kufra,faramis,kadita,fanny,pharsa,ling,arlott,joy,yve,karrie,kaja,wan_wan,yu_zhong,lancelot,franco,grock
4/16/2023,235,ECHO,RSG_PH,20.08,ECHO,pharsa,arlott,martis,pharsa,harith,kaja,fanny,kadita,gloo,beatrix,karrie,fredrinn,ling,valentina,brody,franco,wan_wan,lancelot,yu_zhong,melissa,akai
5/4/2023,236,BLCK,OMG,14.35,BLCK,joy,joy,lancelot,pharsa,claude,faramis,fanny,kaja,arlott,franco,kufra,lapu_lapu,akai,valentina,wan_wan,angela,fredrinn,estes,yve,barats,minsitthar
5/4/2023,237,OMG,BLCK,13.35,BLCK,arlott,fredrinn,lancelot,pharsa,beatrix,chou,estes,joy,lapu_lapu,claude,akai,arlott,guinevere,yve,karrie,faramis,fanny,wan_wan,kaja,valentina,gloo
5/4/2023,238,BLCK,OMG,11.30,BLCK,mathilda,arlott,akai,valentina,brody,mathilda,fanny,kaja,wan_wan,gloo,lancelot,terizla,baxia,yve,claude,faramis,fredrinn,estes,joy,karrie,lesley
5/4/2023,239,ONIC_PH,RSG_PH,24.41,RSG_PH,karrie,joy,lancelot,faramis,claude,kufra,fanny,kadita,valentina,ling,pharsa,arlott,baxia,yve,karrie,kaja,wan_wan,grock,fredrinn,lolita,akai
5/4/2023,240,ONIC_PH,RSG_PH,15.07,RSG_PH,hayabusa,arlott,lancelot,valentina,karrie,franco,fanny,kadita,joy,minsitthar,gloo,fredrinn,hayabusa,yve,beatrix,kaja,wan_wan,grock,akai,lolita,kufra
5/4/2023,241,ONIC_PH,RSG_PH,28.37,RSG_PH,arlott,joy,paquito,yve,claude,kufra,fanny,kaja,kadita,karrie,beatrix,arlott,fredrinn,valentina,melissa,franco,wan_wan,grock,akai,lolita,ruby
5/4/2023,242,BREN,BLCK,17.09,BLCK,karrie,benedetta,lancelot,valentina,claude,floryn,arlott,faramis,joy,brody,beatrix,gloo,fredrinn,yve,karrie,estes,fanny,wan_wan,kaja,kufra,lolita
5/4/2023,243,BLCK,BREN,17.15,BLCK,terizla,terizla,fredrinn,yve,claude,estes,fanny,kaja,gloo,franco,lolita,lapu_lapu,hayabusa,faramis,beatrix,grock,joy,arlott,wan_wan,benedetta,brody
5/4/2023,244,BREN,BLCK,15.07,BREN,joy,lapu_lapu,fredrinn,joy,karrie,floryn,arlott,yve,faramis,akai,estes,gloo,valentina,pharsa,claude,lolita,fanny,wan_wan,kaja,franco,kufra
5/4/2023,245,BLCK,BREN,16.10,BLCK,moskov,joy,fredrinn,pharsa,moskov,estes,fanny,wan_wan,arlott,franco,kufra,gloo,baxia,faramis,beatrix,floryn,yve,kaja,valentina,melissa,claude
5/6/2023,246,ECHO,RSG_PH,16.12,RSG_PH,kufra,arlott,valentina,kagura,minsitthar,franco,fanny,kadita,kaja,yve,atlas,gloo,fredrinn,joy,beatrix,kufra,wan_wan,yu_zhong,lancelot,karrie,akai
5/6/2023,247,ECHO,RSG_PH,18.10,ECHO,valentina,arlott,akai,valentina,beatrix,kufra,fanny,fredrinn,kaja,yve,kadita,gloo,martis,joy,karrie,franco,wan_wan,yu_zhong,lancelot,grock,faramis
5/6/2023,248,ECHO,RSG_PH,22.50,ECHO,joy,joy,martis,kadita,beatrix,franco,fanny,kaja,fredrinn,melissa,akai,arlott,grock,valentina,karrie,kufra,wan_wan,yu_zhong,lancelot,minsitthar,gloo
5/6/2023,249,RSG_PH,ECHO,28.42,RSG_PH,lancelot,minsitthar,lancelot,yve,melissa,franco,yu_zhong,kaja,fredrinn,faramis,claude,arlott,akai,joy,karrie,grock,wan_wan,fanny,gloo,valentina,kadita
5/6/2023,250,ECHO,RSG_PH,20.08,RSG_PH,arlott,joy,akai,valentina,brody,kufra,fanny,fredrinn,kaja,melissa,beatrix,arlott,martis,kadita,karrie,franco,wan_wan,yu_zhong,lancelot,claude,grock
5/6/2023,251,BREN,ECHO,14.35,ECHO,franco,gloo,helcurt,valentina,karrie,kufra,yu_zhong,kaja,fredrinn,terizla,benedetta,lapu_lapu,lancelot,kadita,beatrix,franco,wan_wan,joy,faramis,fanny,hayabusa
5/6/2023,252,ECHO,BREN,13.35,BREN,gloo,lapu_lapu,fredrinn,yve,lunox,akai,fanny,joy,kaja,claude,melissa,gloo,hayabusa,faramis,beatrix,lolita,wan_wan,yu_zhong,lancelot,kufra,hilda
5/6/2023,253,BREN,ECHO,11.30,ECHO,pharsa,arlott,fanny,julian,natan,kufra,yu_zhong,kaja,faramis,beatrix,brody,gloo,lancelot,pharsa,karrie,franco,wan_wan,joy,faramis,claude,yve
5/6/2023,254,ECHO,BREN,24.41,ECHO,minsitthar,gloo,martis,kadita,minsitthar,franco,joy,kaja,faramis,fanny,hayabusa,terizla,fredrinn,yve,beatrix,grock,wan_wan,yu_zhong,lancelot,claude,karrie
5/6/2023,255,BLCK,RSG_PH,15.07,BLCK,karrie,joy,akai,valentina,karrie,faramis,fanny,kaja,franco,kufra,lolita,arlott,lancelot,yve,melissa,grock,estes,wan_wan,fredrinn,baxia,claude
5/6/2023,256,RSG_PH,BLCK,28.37,BLCK,wan_wan,terizla,joy,pharsa,karrie,lolita,estes,faramis,arlott,akai,fredrinn,gloo,baxia,valentina,wan_wan,floryn,franco,kaja,fanny,minsitthar,lancelot
5/6/2023,257,BLCK,RSG_PH,17.09,RSG_PH,beatrix,joy,akai,yve,moskov,angela,fanny,franco,kaja,claude,arlott,esmeralda,fredrinn,valentina,beatrix,kufra,estes,faramis,wan_wan,floryn,karrie
5/6/2023,258,BLCK,RSG_PH,17.15,BLCK,akai,gloo,akai,yve,brody,lolita,franco,kaja,joy,claude,kadita,fredrinn,fanny,valentina,beatrix,kufra,estes,faramis,wan_wan,floryn,moskov
5/7/2023,259,ECHO,RSG_PH,15.07,ECHO,harith,lapu_lapu,fredrinn,pharsa,harith,kufra,kaja,franco,gloo,fanny,hayabusa,yu_zhong,baxia,kadita,karrie,atlas,wan_wan,lancelot,joy,valentina,faramis
5/7/2023,260,RSG_PH,ECHO,16.10,RSG_PH,arlott,arlott,lancelot,valentina,harith,kaja,akai,fredrinn,yu_zhong,martis,minsitthar,gloo,karina,kadita,karrie,franco,wan_wan,joy,faramis,yve,pharsa
5/7/2023,261,ECHO,RSG_PH,16.12,ECHO,yu_zhong,yu_zhong,fredrinn,yve,claude,faramis,kaja,franco,gloo,fanny,hayabusa,esmeralda,akai,kadita,melissa,kufra,wan_wan,lancelot,joy,atlas,harith
5/7/2023,262,RSG_PH,ECHO,18.10,RSG_PH,beatrix,arlott,fredrinn,yve,beatrix,franco,yu_zhong,akai,kadita,harith,minsitthar,gloo,martis,faramis,karrie,kaja,wan_wan,joy,lancelot,fanny,hayabusa
5/7/2023,263,ECHO,RSG_PH,22.50,ECHO,lancelot,lapu_lapu,lancelot,pharsa,karrie,kufra,franco,kaja,gloo,atlas,lolita,arlott,fredrinn,yve,beatrix,chou,wan_wan,joy,yu_zhong,harith,minsitthar
5/7/2023,264,ECHO,BLCK,28.42,ECHO,lancelot,gloo,lancelot,pharsa,harith,lolita,estes,faramis,joy,karr,melissa,arlott,fredrinn,yve,brody,rafaela,kaja,franco,wan_wan,kufra,minsitthar
5/7/2023,265,BLCK,ECHO,20.08,ECHO,lapu_lapu,gloo,baxia,pharsa,karrie,faramis,franco,lancelot,lancelot,kufra,lolita,lapu_lapu,fredrinn,yve,beatrix,grock,estes,joy,wan_wan,claude,akai
5/7/2023,266,ECHO,BLCK,14.35,ECHO,yve,joy,akai,yve,beatrix,chou,estes,faramis,valentina,melissa,claude,arlott,fredrinn,pharsa,karrie,mathilda,wan_wan,gloo,lancelot,franco,kaja
5/7/2023,267,BLCK,ECHO,13.35,ECHO,yu_zhong,gloo,fredrinn,valentina,karrie,faramis,franco,kaja,lapu_lapu,grock,beatrix,yu_zhong,lancelot,yve,harith,valir,estes,joy,wan_wan,claude,akai
